"Time (s)","Linear Acceleration x (m/s^2)","Linear Acceleration y (m/s^2)","Linear Acceleration z (m/s^2)","Absolute acceleration (m/s^2)"
1.201291668E-2,-3.022604842E-1,2.462174072E-1,-6.252287364E-1,7.368143489E-1
2.200591669E-2,-2.212189889E-1,1.749187984E-1,-3.176961833E-1,4.248120667E-1
3.199991665E-2,-2.470092298E-2,3.929562807E-2,2.307849240E-1,2.354059539E-1
4.199391667E-2,1.529631432E-1,-1.748626652E-1,7.639182597E-1,7.984646407E-1
5.198691669E-2,3.185977509E-1,-2.784260637E-1,1.028259185E0,1.111909417E0
6.198091665E-2,3.487534500E-1,-2.242939299E-1,8.951093137E-1,9.864874147E-1
7.197391667E-2,3.835829017E-1,-9.235070474E-2,4.752628577E-1,6.176886586E-1
8.196791669E-2,4.147963621E-1,3.122676283E-2,-4.686777234E-2,4.186021032E-1
9.196091664E-2,3.149463109E-1,9.785183832E-2,-4.027690780E-1,5.205661257E-1
1.019549167E-1,2.292055545E-2,1.179602668E-1,-4.885915858E-1,5.031517804E-1
1.119479167E-1,-2.496253107E-1,1.510376003E-1,-4.514220053E-1,5.375006784E-1
1.219419166E-1,-4.849723785E-1,2.221072906E-1,-3.700129759E-1,6.491836865E-1
1.319359167E-1,-6.007222151E-1,3.710383583E-1,-2.961322367E-1,7.656571978E-1
1.419289167E-1,-5.924783719E-1,5.511950925E-1,-2.924414742E-1,8.604467834E-1
1.519229167E-1,-5.514981975E-1,5.786291320E-1,-4.066247320E-1,8.968308687E-1
1.619159167E-1,-4.833041679E-1,5.106990311E-1,-3.572058195E-1,7.886649583E-1
1.719099167E-1,-3.331869194E-1,2.990845690E-1,-9.842150331E-2,4.584232705E-1
1.819029167E-1,-2.067738446E-1,1.530497003E-1,1.875190365E-1,3.183441889E-1
1.918962083E-1,-8.784867760E-2,3.403269544E-2,4.657476836E-1,4.751805124E-1
2.018892083E-1,9.455056432E-2,-8.453443922E-2,6.167917889E-1,6.296967457E-1
2.118832084E-1,3.124723174E-1,-7.070665129E-2,4.018995970E-1,5.139665999E-1
2.218772083E-1,4.803155098E-1,7.342480257E-2,2.947008383E-1,5.682805423E-1
2.318702083E-1,4.799461851E-1,1.682325073E-1,1.175816596E-1,5.219923024E-1
2.418642084E-1,4.571725226E-1,3.118808350E-1,-4.960426927E-2,5.556410300E-1
2.518572083E-1,3.339144592E-1,3.550193994E-1,-1.209502405E-1,5.021619267E-1
2.618512083E-1,2.141044258E-1,3.413885164E-1,-6.461816490E-2,4.081204865E-1
2.718442084E-1,8.173541363E-2,3.054586188E-1,-5.850022316E-2,3.215710213E-1
2.818382083E-1,-4.344872262E-2,2.048975462E-1,-7.381466568E-2,2.220797172E-1
2.918312083E-1,-1.245959429E-1,1.153874919E-1,-6.046313345E-2,1.802615122E-1
3.018252084E-1,-2.104647167E-1,4.532279179E-2,-3.650475204E-2,2.183624266E-1
3.118192083E-1,-2.513180979E-1,-2.724115446E-2,1.002709776E-1,2.719506127E-1
3.218122083E-1,-2.054835468E-1,-7.728915431E-2,2.091841400E-1,3.032410028E-1
3.318062084E-1,-1.827116751E-1,-6.709621489E-2,2.188612819E-1,2.928919920E-1
3.417992083E-1,-1.569348827E-1,-5.355917975E-2,2.718224376E-1,3.184094546E-1
3.517932083E-1,-3.842318695E-2,2.036073580E-3,2.640631825E-1,2.668517402E-1
3.617862083E-1,7.674317054E-2,1.153297506E-1,1.482789570E-1,2.029214496E-1
3.717802083E-1,1.628471486E-1,1.645809212E-1,1.918471456E-2,2.323233236E-1
3.817742083E-1,2.134798335E-1,1.731533048E-1,-1.736564577E-2,2.754219888E-1
3.917672083E-1,1.646397039E-1,1.831043887E-1,-7.472741604E-4,2.462397362E-1
4.017612083E-1,1.368096070E-1,1.597871545E-1,3.288883388E-2,2.129095552E-1
4.117542083E-1,1.097448374E-1,1.488190936E-1,2.367186785E-2,1.864172987E-1
4.217482083E-1,7.303685809E-2,8.433051758E-2,-4.364361763E-3,1.116470622E-1
4.317412084E-1,1.367937829E-2,2.472202778E-2,-1.034284741E-1,1.072182508E-1
4.417352083E-1,-7.842006063E-2,4.424288414E-2,-1.921453536E-1,2.121956069E-1
4.517282083E-1,-1.384698508E-1,1.827838151E-1,-1.958782160E-1,3.015826556E-1
4.617222084E-1,-1.533770347E-1,2.907262666E-1,-8.419815123E-2,3.393163797E-1
4.717162083E-1,-1.493579876E-1,3.219793419E-1,8.454664528E-2,3.648652358E-1
4.817092083E-1,-2.902243562E-2,2.301050390E-1,2.773293453E-1,3.615275875E-1
4.917032084E-1,6.300838988E-2,1.884278400E-1,3.446623725E-1,3.978281778E-1
5.016962083E-1,6.644114401E-2,1.867626992E-1,2.739695352E-1,3.381627384E-1
5.116902083E-1,7.425746435E-2,1.737892625E-1,1.815221322E-1,2.620442010E-1
5.216832084E-1,7.814734284E-2,1.482488438E-1,3.747655928E-2,1.717242539E-1
5.316772083E-1,2.208065774E-2,9.373788357E-2,-8.509979188E-2,1.285158389E-1
5.416702083E-1,-4.988785923E-2,5.286496907E-2,-9.315783978E-2,1.181604272E-1
5.516642084E-1,-1.469491540E-1,1.933133349E-2,-1.109210962E-1,1.851249413E-1
5.616582083E-1,-2.244183660E-1,5.429841399E-2,-9.994119465E-2,2.515952367E-1
5.716512083E-1,-2.639083043E-1,1.095946553E-1,-7.699672043E-2,2.959511388E-1
5.816452084E-1,-2.044860118E-1,1.740616697E-1,-7.507883370E-2,2.788347632E-1
5.916382084E-1,5.343258753E-2,3.711748177E-1,1.015526873E-1,3.885083461E-1
6.016322083E-1,1.943026107E-2,4.602534936E-1,5.059513843E-1,6.842496743E-1
6.116252083E-1,-1.109188670E-1,4.222147246E-1,8.466978765E-1,9.526098691E-1
6.216192084E-1,-2.032137673E-1,3.316597728E-1,1.131450262E0,1.196442115E0
6.316132083E-1,-2.444438736E-1,1.783824697E-1,1.294357783E0,1.329261142E0
6.416062083E-1,-2.152321709E-1,8.349619299E-2,1.299626709E0,1.319972002E0
6.516002084E-1,-1.587046156E-1,1.265483648E-3,1.167091380E0,1.177833200E0
6.615932083E-1,-6.593634658E-2,-3.411952659E-2,9.487294507E-1,9.516298201E-1
6.715872083E-1,-2.262960166E-2,2.873614132E-3,7.507912606E-1,7.511377194E-1
6.815802084E-1,-8.120547317E-2,1.047904368E-1,6.170414650E-1,6.311224399E-1
6.915742083E-1,-1.039296535E-1,2.151523930E-1,4.900925660E-1,5.452363234E-1
7.015682083E-1,-7.319939241E-2,2.718512352E-1,4.203820610E-1,5.059469560E-1
7.115612084E-1,-3.653128378E-2,2.844155860E-1,4.197938311E-1,5.083833405E-1
7.215552083E-1,5.485645764E-2,2.937281540E-1,4.571844363E-1,5.461712810E-1
7.315482083E-1,9.651940405E-2,3.478194304E-1,4.605752367E-1,5.851699754E-1
7.415422084E-1,6.379553474E-2,3.745783357E-1,5.524022502E-1,6.704677814E-1
7.515352083E-1,7.757588714E-2,2.695085482E-1,7.389915794E-1,7.904185159E-1
7.615292083E-1,1.441639790E-1,-4.508787990E-2,1.057895213E0,1.068624560E0
7.715222083E-1,1.546418971E-1,-3.940909329E-1,1.328798468E0,1.394606449E0
7.815162083E-1,4.975841649E-2,-6.052659036E-1,1.478103027E0,1.598002275E0
7.915102083E-1,-1.573172906E-1,-5.529801013E-1,1.626452735E0,1.725075135E0
8.015032083E-1,-3.805881771E-1,-3.767394666E-1,1.632228615E0,1.717833006E0
8.114972083E-1,-5.553492469E-1,-1.025139695E-1,1.575015364E0,1.673199120E0
8.214902083E-1,-5.819722044E-1,1.989977056E-1,1.562471917E0,1.679169504E0
8.314842083E-1,-3.777978492E-1,3.419767463E-1,1.408173836E0,1.497542274E0
8.414772084E-1,9.242255241E-5,3.755980901E-1,1.090710372E0,1.153569698E0
8.514712083E-1,2.305743512E-1,4.385147153E-1,6.221203566E-1,7.952945523E-1
8.614652083E-1,1.012343064E-1,4.495305772E-1,4.511319834E-1,6.448613735E-1
8.714582084E-1,5.686095625E-2,4.198379776E-1,8.522041994E-1,9.517085128E-1
8.814522083E-1,1.818681411E-1,1.135638915E-1,1.248737222E0,1.267011218E0
8.914452083E-1,1.515213843E-1,-2.789953633E-1,1.753734341E0,1.782240523E0
9.014392084E-1,2.335626438E-2,-6.549644592E-1,2.280729269E0,2.373025486E0
9.114322083E-1,1.007372931E-2,-8.777730502E-1,2.649260561E0,2.790908190E0
9.214262083E-1,1.961908959E-2,-8.687860259E-1,2.921592291E0,3.048093762E0
9.314192084E-1,-4.324015975E-3,-7.205649564E-1,3.028053716E0,3.112610136E0
9.414132083E-1,5.241787635E-2,-4.790417670E-1,2.925176049E0,2.964605129E0
9.514072083E-1,7.897867072E-2,-1.771820363E-1,2.727400412E0,2.734290422E0
9.614002084E-1,2.092601538E-2,1.067507158E-1,2.421074139E0,2.423516784E0
9.713942083E-1,-1.378568798E-1,2.801497498E-1,1.996309590E0,2.020579219E0
9.813872083E-1,-3.575385261E-1,3.771160273E-1,1.594892389E0,1.677418262E0
9.913812084E-1,-4.512007613E-1,3.759047766E-1,1.363286515E0,1.484397740E0
1.001374208E0,-3.503161549E-1,2.852760038E-1,1.185123024E0,1.268313995E0
1.011368208E0,-2.279669681E-1,1.533669117E-1,1.194818292E0,1.226002080E0
1.021362208E0,-2.876764320E-2,-8.119165912E-2,1.574389712E0,1.576744312E0
1.031355208E0,2.031167766E-1,-3.844077976E-1,2.077661317E0,2.122663970E0
1.041349208E0,4.757935656E-1,-6.927668546E-1,2.426883348E0,2.568281180E0
1.051342208E0,3.379813073E-1,-7.641220352E-1,2.535474914E0,2.669596765E0
1.061336208E0,7.068052154E-2,-5.094554745E-1,2.617099121E0,2.667161117E0
1.071329208E0,-1.179463065E-1,-1.297625792E-1,2.757336987E0,2.762907330E0
1.081323208E0,-1.933803586E-1,1.054057100E-1,2.775659822E0,2.784383913E0
1.091317208E0,-1.499451942E-1,1.282673000E-1,2.553592511E0,2.561204946E0
1.101310208E0,-1.769848390E-1,1.666310281E-2,2.128787032E0,2.136196508E0
1.111304208E0,-1.979030337E-1,-1.748639077E-2,1.792328303E0,1.803305889E0
1.121297208E0,-2.473446042E-1,2.097387484E-1,1.630332947E0,1.662274109E0
1.131291208E0,-1.744369148E-1,4.396155998E-1,1.481285666E0,1.554958951E0
1.141284208E0,1.956981218E-1,4.635204792E-1,1.321201181E0,1.413761490E0
1.151278208E0,5.302483195E-1,4.634894890E-1,1.212346491E0,1.402059129E0
1.161272208E0,6.762638193E-1,5.346446948E-1,1.239223217E0,1.509586660E0
1.171265208E0,7.449680916E-1,5.625034614E-1,1.223039294E0,1.538574898E0
1.181259208E0,7.514740692E-1,4.930012634E-1,1.008855785E0,1.351130459E0
1.191252208E0,6.725687445E-1,2.383743176E-1,6.907310003E-1,9.931164817E-1
1.201246917E0,4.146157562E-1,8.517872930E-2,5.652778190E-1,7.061874071E-1
1.211239917E0,-1.587831145E-1,1.517963496E-1,5.775312442E-1,6.178968742E-1
1.221233917E0,-7.728196223E-1,2.616006276E-1,5.516964912E-1,9.849132324E-1
1.231227917E0,-1.042755602E0,1.989604296E-1,6.749002486E-1,1.257940715E0
1.241220917E0,-1.154814055E0,3.105700354E-1,8.258531374E-1,1.453300606E0
1.251214917E0,-1.065007693E0,2.976542670E-1,7.750004876E-1,1.350357436E0
1.261207917E0,-7.552751979E-1,1.946880153E-1,6.276798892E-1,1.001162370E0
1.271201917E0,-4.472087210E-1,1.556794855E-1,5.595112950E-1,7.329970201E-1
1.281194917E0,-3.456457280E-1,9.648285896E-2,7.257300943E-1,8.096073623E-1
1.291188917E0,-3.675174574E-1,5.938856140E-2,8.546617842E-1,9.322246768E-1
1.301182917E0,-5.188053185E-1,8.712716773E-2,9.299423468E-1,1.068430096E0
1.311175917E0,-6.169977571E-1,8.671596229E-2,9.573576021E-1,1.142251929E0
1.321169917E0,-5.929934020E-1,-1.687652618E-3,9.691485125E-1,1.136174662E0
1.331162917E0,-4.216286874E-1,-1.159292364E-1,1.117749651E0,1.200239401E0
1.341156917E0,-2.088555264E-1,-1.472580332E-1,1.175406706E0,1.202865946E0
1.351149917E0,-1.382927898E-1,-1.135769016E-1,1.060778475E0,1.075767438E0
1.361143917E0,-2.656461151E-1,-1.882436527E-1,8.316559142E-1,8.931153850E-1
1.371137917E0,-3.381866542E-1,-2.810616231E-1,4.871052235E-1,6.562296457E-1
1.381130917E0,-3.467920746E-1,-1.895054819E-1,3.402477247E-1,5.214840216E-1
1.391124917E0,-3.399270049E-1,-1.164434990E-1,3.109455729E-1,4.751806040E-1
1.401117917E0,-3.269420200E-1,-1.372312278E-2,6.396298438E-1,7.184745964E-1
1.411111917E0,-4.486632159E-1,1.301433791E-1,1.077677513E0,1.174574307E0
1.421105917E0,-4.431040487E-1,1.804140848E-1,1.027451684E0,1.133378756E0
1.431098917E0,-4.618687139E-1,3.062742323E-2,8.078951687E-1,9.311043719E-1
1.441092917E0,-5.064624310E-1,-2.513484120E-1,6.787254971E-1,8.833733744E-1
1.451085917E0,-3.937155417E-1,-4.327245100E-1,4.738285357E-1,7.528452102E-1
1.461079917E0,-2.713919364E-1,-6.668195428E-1,-1.921395063E-3,7.199344259E-1
1.471072917E0,1.512950239E-1,-8.525933316E-1,-9.155722296E-1,1.260189700E0
1.481066917E0,1.001465050E-1,-7.518298723E-1,-8.822623962E-1,1.163470848E0
1.491059917E0,-2.099420853E-2,-4.298346698E-1,-7.553479958E-1,8.693383662E-1
1.501053917E0,-8.527345419E-2,1.861845557E-1,6.866151452E-2,2.159876255E-1
1.511047917E0,-6.557693285E-1,8.442389761E-1,7.079709309E-1,1.282183957E0
1.521040917E0,-1.007769957E0,1.047787423E0,5.293402469E-1,1.547145716E0
1.531034917E0,-9.908607591E-1,7.761341165E-1,2.065657568E-1,1.275483682E0
1.541027917E0,-7.391327897E-1,3.640301049E-1,-1.735447758E-1,8.419934603E-1
1.551021917E0,-1.256250894E-1,-1.544751053E-1,-7.624020767E-1,7.879728091E-1
1.561015917E0,2.811381485E-1,-7.198042336E-1,-1.280406327E0,1.495525712E0
1.571008917E0,3.526251838E-1,-1.128193071E0,-1.597710162E0,1.987420913E0
1.581002917E0,3.700111121E-1,-1.144508264E0,-1.656628461E0,2.047248213E0
1.590995917E0,4.657353679E-1,-7.529208165E-1,-1.583164628E0,1.813893445E0
1.600989917E0,2.917121437E-1,-5.955067545E-2,-1.196673614E0,1.233154490E0
1.610982917E0,-1.947339890E-1,5.658568396E-1,-5.994197112E-1,8.470060682E-1
1.620976917E0,-6.249580103E-1,9.162857361E-1,1.029560190E-1,1.113890482E0
1.630970917E0,-9.097624362E-1,1.021790556E0,7.489213210E-1,1.559681627E0
1.640963917E0,-9.147391476E-1,8.704577449E-1,8.663287336E-1,1.531329445E0
1.650957917E0,-4.257525093E-1,4.868616870E-1,4.188728946E-1,7.705543481E-1
1.660950917E0,1.652252112E-1,-3.794419035E-2,-1.486064011E-1,2.254395583E-1
1.670944917E0,6.495943033E-1,-4.680530946E-1,-9.533411497E-1,1.244952130E0
1.680937917E0,9.028115585E-1,-7.012200281E-1,-1.643771603E0,2.002189632E0
1.690931917E0,8.646552604E-1,-6.806944008E-1,-1.712354180E0,2.035468110E0
1.700925917E0,7.914593033E-1,-3.502360846E-1,-1.494452426E0,1.726980370E0
1.710918917E0,5.255815105E-1,6.091409996E-2,-1.208739928E0,1.319469085E0
1.720912917E0,5.279948026E-2,3.589333794E-1,-8.009866834E-1,8.793182717E-1
1.730905917E0,-4.104966120E-1,6.096675414E-1,-8.842101038E-2,7.402839013E-1
1.740899917E0,-7.621955969E-1,9.072261333E-1,7.368316180E-1,1.395321546E0
1.750892917E0,-7.550654291E-1,9.660520463E-1,6.707329381E-1,1.397591869E0
1.760886917E0,-2.569492406E-1,6.150339697E-1,-3.726898313E-2,6.675916965E-1
1.770880917E0,3.070508887E-1,9.633580148E-3,-8.273687357E-1,8.825599577E-1
1.780873917E0,8.251628736E-1,-6.900209291E-1,-1.907877470E0,2.190209828E0
1.790867917E0,1.068142604E0,-9.742459689E-1,-2.400698347E0,2.802398327E0
1.800860917E0,7.392449831E-1,-8.536923889E-1,-2.118641528E0,2.400815645E0
1.810854917E0,3.289797746E-1,-4.136005334E-1,-1.745290377E0,1.823549174E0
1.820847917E0,8.847831309E-2,1.099054348E-1,-1.393066385E0,1.400193404E0
1.830841917E0,-1.887913907E-1,3.356479394E-1,-1.180221303E0,1.241460452E0
1.840835917E0,-3.398618450E-1,2.945601397E-1,-1.124910151E0,1.211484461E0
1.850828917E0,-5.020870326E-1,2.934000521E-1,-9.240787590E-1,1.091831732E0
1.860822917E0,-3.970518167E-1,3.159304704E-1,-8.908601421E-1,1.025228755E0
1.870815917E0,-8.168786846E-2,2.725186948E-1,-1.078249955E0,1.115151251E0
1.880809917E0,3.012503046E-1,-9.396544989E-2,-1.882885301E0,1.909145963E0
1.890802917E0,8.199378017E-1,-5.636977552E-1,-2.689266041E0,2.867438752E0
1.900796917E0,8.421214069E-1,-8.336172165E-1,-2.742150598E0,2.987218779E0
1.910790917E0,6.080871121E-1,-7.762805162E-1,-2.651797083E0,2.829206451E0
1.920783917E0,2.995149241E-1,-4.210424309E-1,-2.357731837E0,2.413687083E0
1.930777917E0,-1.833924372E-2,5.197349709E-2,-1.886476076E0,1.887280996E0
1.940770917E0,6.761983305E-2,5.232728105E-1,-1.954325413E0,2.024296098E0
1.950764917E0,4.780274578E-1,6.806387061E-1,-2.351605124E0,2.494358827E0
1.960757917E0,6.884831844E-1,5.139718273E-1,-2.816138341E0,2.944284513E0
1.970751917E0,8.669125050E-1,4.074225846E-1,-3.047452438E0,3.194447811E0
1.980745917E0,7.747799014E-1,3.077548935E-1,-3.307114422E0,3.410572205E0
1.990738917E0,4.942429928E-1,2.833823282E-1,-3.490514680E0,3.536703890E0
2.000732917E0,3.949142574E-1,9.625020373E-2,-3.394978777E0,3.419225390E0
2.010725917E0,4.363788005E-1,-1.452881427E-1,-3.368606665E0,3.399859698E0
2.020719917E0,4.647702485E-1,-2.793550767E-1,-3.501091708E0,3.542836969E0
2.030712917E0,5.047900907E-1,-3.225676083E-1,-3.399961190E0,3.452332398E0
2.040706917E0,5.572089903E-1,-1.839149955E-1,-3.164844064E0,3.218779976E0
2.050700917E0,4.762553860E-1,-3.419311929E-2,-2.860981808E0,2.900552579E0
2.060693917E0,4.492325885E-1,1.462511609E-1,-2.607759948E0,2.650209665E0
2.070687917E0,3.716643027E-1,1.316335420E-1,-2.293444625E0,2.327090456E0
2.080680917E0,2.140944855E-1,-6.882901898E-2,-2.012702844E0,2.025227548E0
2.090674917E0,1.991996903E-1,-2.582624705E-1,-1.954143564E0,1.981175684E0
2.100667917E0,4.446288563E-2,-3.888857050E-1,-2.138726129E0,2.174248949E0
2.110661917E0,-5.952524006E-2,-4.344651530E-1,-2.422890285E0,2.462255177E0
2.120655917E0,-1.423514518E-1,-3.983953242E-1,-2.456527562E0,2.492691404E0
2.130648917E0,-1.673256773E-1,-3.148598452E-1,-2.196232325E0,2.224987872E0
2.140642917E0,-4.756011922E-2,-3.070212141E-1,-2.015289652E0,2.039096951E0
2.150635917E0,-3.975152817E-2,-2.604650618E-1,-1.808741437E0,1.827831453E0
2.160629917E0,-8.005539894E-2,-2.789131368E-1,-1.508086379E0,1.535749306E0
2.170622917E0,-3.952345021E-2,-2.554968288E-1,-1.347264560E0,1.371846393E0
2.180616917E0,6.322122853E-2,-8.522642065E-2,-1.502571870E0,1.506314274E0
2.190610917E0,9.572337873E-2,1.369591495E-1,-1.434216750E0,1.443917747E0
2.200603292E0,2.598798651E-2,3.131707308E-1,-1.163774840E0,1.205455582E0
2.210597292E0,-3.354149278E-2,3.438448221E-1,-8.832260174E-1,9.483894196E-1
2.220590292E0,1.775651751E-1,3.084921908E-1,-9.018827283E-1,9.695820125E-1
2.230584292E0,4.547931809E-1,3.202700911E-1,-9.310661817E-1,1.084570884E0
2.240577292E0,6.047135976E-1,4.676874609E-1,-8.144487280E-1,1.117021408E0
2.250571292E0,5.655938976E-1,7.212077115E-1,-5.064291018E-1,1.047142519E0
2.260565292E0,4.111479188E-1,8.443954622E-1,-1.245690823E-1,9.473984188E-1
2.270558292E0,3.526430178E-1,7.793857531E-1,1.570649832E-1,8.697520676E-1
2.280552292E0,3.232695300E-1,5.933360488E-1,2.901049268E-1,7.353310305E-1
2.290545292E0,3.694299354E-1,4.350534194E-1,3.144819689E-1,6.516508756E-1
2.300539292E0,3.867902456E-1,2.889879625E-1,2.669727570E-1,5.517202095E-1
2.310532292E0,3.392215383E-1,2.653103936E-1,2.190600872E-1,4.831647533E-1
2.320526292E0,2.820974573E-1,3.358316150E-1,3.618157643E-1,5.685705729E-1
2.330519292E0,1.275886210E-1,2.465976224E-1,5.541230857E-1,6.197916083E-1
2.340513292E0,8.503569178E-3,1.239376195E-1,5.132492942E-1,5.280697702E-1
2.350507292E0,1.995183270E-2,7.044835053E-2,3.359699017E-1,3.438558136E-1
2.360500292E0,5.211769491E-2,9.027180031E-2,2.146238047E-1,2.385972120E-1
2.370494292E0,1.035020759E-1,1.300618105E-1,1.749445993E-1,2.413179792E-1
2.380487292E0,2.221052440E-1,3.100052309E-1,1.859724480E-1,4.242873249E-1
2.390481292E0,3.045780646E-1,5.355373819E-1,1.717420793E-1,6.395806647E-1
2.400474292E0,3.101821823E-1,6.219662824E-1,1.939579904E-1,7.215779547E-1
2.410468292E0,2.515211607E-1,5.322716023E-1,1.723197842E-1,6.134085595E-1
2.420462292E0,9.471192006E-2,2.866869552E-1,1.016608608E-1,3.185823107E-1
2.430455292E0,-8.726483312E-2,6.541219851E-2,1.858724606E-1,2.155051703E-1
2.440449292E0,-3.028207571E-1,-1.494914137E-1,3.093966454E-1,4.580113294E-1
2.450442292E0,-4.681005667E-1,-2.807641277E-1,3.921727538E-1,6.721206028E-1
2.460436292E0,-4.192970005E-1,-3.273624348E-1,3.957477415E-1,6.630176568E-1
2.470429292E0,-1.347257324E-1,-2.062339639E-1,2.760838884E-1,3.700078165E-1
2.480423292E0,-1.197783854E-2,-2.034513105E-2,2.337623262E-1,2.349515230E-1
2.490417292E0,-3.757742375E-2,1.756604446E-1,2.409345210E-2,1.812433420E-1
2.500410292E0,-8.783954132E-2,3.028287787E-1,-2.459637111E-1,3.998989890E-1
2.510404292E0,-1.241097835E-1,3.247135730E-1,-4.689075190E-1,5.837091778E-1
2.520397292E0,-1.136034333E-1,2.551289110E-1,-6.257006067E-1,6.851990591E-1
2.530391292E0,-1.118702820E-1,1.246389199E-1,-7.388155782E-1,7.575607428E-1
2.540384292E0,-8.212717708E-2,-3.686888739E-3,-7.553175902E-1,7.597783417E-1
2.550378292E0,-2.587802231E-2,-1.482465963E-1,-6.915560424E-1,7.077404080E-1
2.560372292E0,-4.351527125E-2,-1.949557081E-1,-5.512585348E-1,5.863337609E-1
2.570365292E0,-9.296736673E-2,-1.195603939E-1,-3.980708402E-1,4.259084560E-1
2.580359292E0,-1.468595089E-1,-2.441177817E-2,-1.598769093E-1,2.184588665E-1
2.590352292E0,-1.863339521E-1,-4.875938315E-3,5.191859722E-2,1.934933002E-1
2.600346292E0,-1.284500986E-1,-5.482762355E-2,2.067733330E-1,2.495209557E-1
2.610339292E0,-2.060785376E-2,-1.092526663E-2,2.852125615E-1,2.861647258E-1
2.620333292E0,3.305379845E-2,6.120346405E-2,2.693601751E-1,2.781965520E-1
2.630327292E0,1.264961418E-1,8.759034030E-2,2.121609575E-1,2.620794030E-1
2.640320292E0,1.674375601E-1,1.315021807E-1,9.899277627E-2,2.347929509E-1
2.650314292E0,1.163038419E-1,1.479606675E-1,3.804549336E-2,1.920062560E-1
2.660307292E0,9.888968255E-2,3.322846575E-2,-4.483820379E-2,1.135507145E-1
2.670301292E0,1.423087671E-1,-1.049826640E-1,-1.909115911E-1,2.602313980E-1
2.680294292E0,8.042192800E-2,-1.548404283E-1,-2.064546597E-1,2.703086592E-1
2.690288292E0,-7.254256736E-3,-1.178885653E-1,-1.420259446E-1,1.847206188E-1
2.700282292E0,-6.298167542E-2,-7.724199286E-2,7.680317760E-2,1.258242623E-1
2.710275292E0,-5.890252987E-2,-4.619336911E-2,3.302478164E-1,3.386250960E-1
2.720269292E0,-9.107513465E-3,-2.114760658E-2,4.281173426E-1,4.287360809E-1
2.730262292E0,6.022544414E-2,5.540766735E-3,4.697992194E-1,4.736761665E-1
2.740256292E0,3.765212193E-2,3.208659589E-5,4.625656289E-1,4.640955121E-1
2.750249292E0,1.214249248E-2,7.744712049E-2,3.662327510E-1,3.745289368E-1
2.760243292E0,1.147764030E-1,1.156218373E-1,1.975493503E-1,2.560620584E-1
2.770237292E0,2.521509789E-1,1.239276244E-1,1.609563053E-2,2.814200448E-1
2.780230292E0,3.066165502E-1,1.859253414E-1,-4.591467619E-2,3.615108559E-1
2.790224292E0,2.102395441E-1,2.070218762E-1,-7.740193248E-2,3.050406240E-1
2.800217292E0,7.707688211E-2,1.876798350E-1,-1.052452040E-1,2.285631623E-1
2.810211292E0,-1.828029647E-2,1.609147535E-1,-6.603143692E-2,1.748939044E-1
2.820204292E0,-7.590562999E-2,1.023987063E-1,-7.334221065E-2,1.470586263E-1
2.830198292E0,-2.757027961E-2,5.088912182E-2,-8.954250634E-2,1.066193391E-1
2.840191292E0,-5.059632249E-3,4.617136896E-2,-1.009825838E-1,1.111524962E-1
2.850185292E0,5.249697821E-2,9.257607836E-2,-2.249891639E-1,2.488903109E-1
2.860179292E0,1.610996169E-1,2.091473391E-1,-3.057567537E-1,4.039590182E-1
2.870172292E0,1.487041044E-1,2.288304922E-1,-2.408912516E-1,3.640122249E-1
2.880166292E0,6.175350431E-2,2.323536224E-1,-2.020493674E-1,3.140472066E-1
2.890159292E0,2.105494648E-2,1.793470410E-1,-1.777419072E-1,2.533788813E-1
2.900153292E0,6.095037097E-2,1.016721167E-1,-1.660468912E-1,2.040189626E-1
2.910147292E0,4.106589088E-2,3.820051767E-2,-1.662030119E-1,1.754113112E-1
2.920140292E0,2.033860775E-2,-2.401597649E-3,-2.158072811E-1,2.167768651E-1
2.930134292E0,-3.973533869E-2,-5.047682002E-2,-3.217798787E-1,3.281296952E-1
2.940127292E0,-9.540859753E-2,-4.937396206E-2,-3.866564906E-1,4.013026667E-1
2.950121292E0,-1.246634782E-1,7.280134320E-2,-4.316356122E-1,4.551376936E-1
2.960114292E0,-5.635215713E-2,1.857374265E-1,-5.485080045E-1,5.818375961E-1
2.970108292E0,7.712155849E-2,2.504224323E-1,-6.857813323E-1,7.341356585E-1
2.980101292E0,8.721187927E-2,2.845907832E-1,-8.286779273E-1,8.805140163E-1
2.990095292E0,5.664515745E-2,3.032162481E-1,-9.335828233E-1,9.832220781E-1
3.000089292E0,2.376668410E-2,3.574647415E-1,-9.447773176E-1,1.010420742E0
3.010082292E0,4.156666836E-2,3.968816628E-1,-8.472609633E-1,9.365329584E-1
3.020076292E0,5.590069726E-2,3.879429146E-1,-6.404899693E-1,7.509007881E-1
3.030069292E0,8.828849785E-2,3.208943179E-1,-5.417100316E-1,6.357812364E-1
3.040063292E0,1.872489317E-1,2.169183252E-1,-5.009309649E-1,5.771027239E-1
3.050056292E0,1.493084690E-1,1.394997647E-1,-4.414887553E-1,4.864828099E-1
3.060050292E0,4.701435473E-3,1.478889477E-1,-3.694691849E-1,3.979958831E-1
3.070044292E0,-1.090688627E-1,1.663522255E-1,-2.712839091E-1,3.363986312E-1
3.080037292E0,-7.795993958E-2,1.519586098E-1,-3.190597540E-1,3.618954240E-1
3.090031292E0,2.774779743E-2,1.205431646E-1,-4.217128873E-1,4.394796402E-1
3.100024292E0,1.011541995E-1,1.383264843E-1,-6.098002732E-1,6.334214723E-1
3.110018292E0,1.603563261E-1,2.586245410E-1,-7.518104303E-1,8.110608656E-1
3.120011292E0,1.498083511E-1,4.029341522E-1,-7.463070309E-1,8.612622466E-1
3.130005292E0,1.510652101E-1,4.813658525E-1,-6.776110178E-1,8.448020319E-1
3.139999292E0,2.386671535E-1,5.112034996E-1,-6.183576733E-1,8.370527106E-1
3.149992292E0,2.801585937E-1,4.915306522E-1,-5.987408495E-1,8.237607811E-1
3.159986292E0,2.614633094E-1,3.675933615E-1,-5.993863821E-1,7.501679656E-1
3.169979292E0,2.326881927E-1,1.750729457E-1,-6.806544936E-1,7.403275430E-1
3.179973292E0,1.869142883E-1,1.536567874E-2,-6.695365977E-1,6.953073500E-1
3.189966292E0,7.069524921E-2,-2.526464939E-2,-4.640052134E-1,4.700393162E-1
3.199960542E0,2.000253903E-2,-7.150735438E-2,-2.810195231E-1,2.906636814E-1
3.209954542E0,2.667769301E-2,-1.799344669E-1,-1.466154242E-1,2.336326054E-1
3.219947542E0,1.356271081E-1,-1.866977585E-1,-6.464330792E-2,2.396445759E-1
3.229941542E0,2.927951942E-1,-9.880621355E-2,-1.216460592E-1,3.320985656E-1
3.239934542E0,4.382660624E-1,8.593989059E-2,-2.996382272E-1,5.378158360E-1
3.249928542E0,5.064545007E-1,2.728425940E-1,-4.616721743E-1,7.376180847E-1
3.259921542E0,6.056103777E-1,5.110529338E-1,-7.794677603E-1,1.111534534E0
3.269915542E0,6.026451085E-1,6.934724674E-1,-9.879724538E-1,1.349138525E0
3.279909542E0,5.476080084E-1,6.965750000E-1,-9.963649625E-1,1.333354566E0
3.289902542E0,5.143164841E-1,6.298087142E-1,-9.331051058E-1,1.237685582E0
3.299896542E0,4.841364460E-1,5.734814991E-1,-7.896945405E-1,1.089443250E0
3.309889542E0,3.862756176E-1,4.692075908E-1,-5.197361952E-1,7.996813919E-1
3.319883542E0,2.381083424E-1,3.733351446E-1,-2.063944334E-1,4.885420914E-1
3.329876542E0,1.467349997E-1,3.049213327E-1,2.766025364E-2,3.395191732E-1
3.339870542E0,1.387421666E-1,1.571143922E-1,9.182642877E-2,2.288370906E-1
3.349864542E0,8.246935797E-2,2.130301461E-2,6.554611802E-2,1.074770069E-1
3.359857542E0,6.181299060E-2,-2.999963326E-2,5.383531451E-3,6.891883787E-2
3.369851542E0,1.068454224E-1,-3.771282334E-2,-1.040839469E-1,1.538560020E-1
3.379844542E0,1.315658788E-1,-8.153686412E-3,-2.703553712E-1,3.007791379E-1
3.389838542E0,2.343150708E-1,3.676199298E-2,-5.572162628E-1,6.055947160E-1
3.399831542E0,3.218634208E-1,1.499522474E-1,-8.233902901E-1,8.966901963E-1
3.409825542E0,2.159149613E-1,2.266393212E-1,-1.031662849E0,1.078106157E0
3.419819542E0,1.946587975E-1,2.487690590E-1,-1.239926637E0,1.279529663E0
3.429812542E0,1.622563058E-1,2.642175124E-1,-1.370699615E0,1.405331078E0
3.439806542E0,6.641336974E-2,2.436114494E-1,-1.432849086E0,1.454927413E0
3.449799542E0,-2.038635392E-2,1.953253618E-1,-1.431030017E0,1.444442630E0
3.459793542E0,-8.196890026E-2,1.805510924E-1,-1.364056009E0,1.378392685E0
3.469786542E0,-1.075247593E-1,1.484624865E-1,-1.301794272E0,1.314637216E0
3.479780542E0,-5.602005355E-2,9.866507638E-2,-1.260690100E0,1.265785358E0
3.489774542E0,-1.128940199E-2,1.146913443E-1,-1.150516278E0,1.156273870E0
3.499767542E0,1.866624925E-2,1.408103085E-1,-9.834163034E-1,9.936214559E-1
3.509761542E0,3.461706983E-2,1.626420575E-1,-8.260566205E-1,8.426270353E-1
3.519754542E0,1.900454722E-3,2.433920692E-1,-6.543519634E-1,6.981545696E-1
3.529748542E0,-7.703843666E-2,2.720971471E-1,-6.304257417E-1,6.909474611E-1
3.539741542E0,-5.899248563E-2,1.145133697E-1,-8.289281881E-1,8.388774441E-1
3.549735542E0,5.417394139E-2,-3.488975108E-2,-9.725556850E-1,9.746879866E-1
3.559729542E0,-1.646411475E-3,-1.547685624E-1,-1.049518492E0,1.060869965E0
3.569722542E0,-5.630971000E-2,-2.160402927E-1,-1.067686960E0,1.090779371E0
3.579716542E0,-1.227926251E-1,-1.603514839E-1,-9.696735924E-1,9.904834693E-1
3.589709542E0,-2.254387417E-1,-6.501855299E-2,-8.958524948E-1,9.260678868E-1
3.599703542E0,-1.752427707E-1,-3.258273214E-2,-9.604829389E-1,9.768823568E-1
3.609697542E0,-7.576518718E-2,6.078494959E-2,-9.446171039E-1,9.495981501E-1
3.619690542E0,-8.609012749E-2,1.256600265E-1,-9.245769417E-1,9.370402731E-1
3.629684542E0,1.526751861E-2,1.406425665E-1,-9.620757204E-1,9.724212670E-1
3.639677542E0,1.027806026E-1,1.149175219E-1,-1.063335462E0,1.074454371E0
3.649671542E0,7.240566943E-2,-4.175584406E-2,-1.310407805E0,1.313070732E0
3.659664542E0,9.771885071E-2,-1.968416910E-1,-1.616734078E0,1.631601883E0
3.669658542E0,1.105962468E-1,-1.194846359E-1,-1.758875213E0,1.766394668E0
3.679652542E0,1.179023428E-1,-6.805311173E-2,-1.947354362E0,1.952106862E0
3.689645542E0,1.420873769E-1,4.289663583E-3,-2.105665387E0,2.110458231E0
3.699639542E0,9.066904552E-2,8.294246167E-2,-2.026587058E0,2.030309196E0
3.709632542E0,-2.117985763E-2,1.129000863E-1,-1.862345787E0,1.865885003E0
3.719626542E0,-1.582668419E-1,1.367763144E-1,-1.692450258E0,1.705328130E0
3.729619542E0,-2.375367039E-1,1.010265841E-1,-1.556372686E0,1.577633035E0
3.739613542E0,-2.177719091E-1,-8.654156908E-2,-1.610153037E0,1.627116114E0
3.749607542E0,-1.889391425E-1,-3.052780129E-1,-1.728820524E0,1.765704695E0
3.759600542E0,-2.761773342E-1,-4.635691573E-1,-1.709859173E0,1.792983178E0
3.769594542E0,-3.625022274E-1,-5.143561721E-1,-1.610689226E0,1.729245477E0
3.779587542E0,-4.667707271E-1,-4.509219222E-1,-1.473912912E0,1.610473460E0
3.789581542E0,-4.199145761E-1,-3.580460644E-1,-1.416995530E0,1.520658268E0
3.799574542E0,-1.579378629E-1,-2.439465679E-1,-1.445509477E0,1.474432754E0
3.809568542E0,1.395411338E-1,-1.474049444E-1,-1.598904163E0,1.611736476E0
3.819562542E0,3.616529194E-1,-7.769268528E-2,-1.746455142E0,1.785198742E0
3.829555542E0,4.683925255E-1,-4.559015572E-2,-1.857632346E0,1.916316246E0
3.839549542E0,4.573450155E-1,-5.419959605E-2,-1.913822334E0,1.968455737E0
3.849542542E0,4.451594181E-1,-5.592584029E-2,-1.848050514E0,1.901732186E0
3.859536542E0,2.775122170E-1,-1.235190685E-1,-1.748144403E0,1.774338988E0
3.869529542E0,1.207267307E-1,-2.259197482E-1,-1.718521239E0,1.737506813E0
3.879523542E0,-5.275869593E-2,-5.198972860E-1,-1.753348424E0,1.829564802E0
3.889517542E0,-2.065189060E-1,-8.538256323E-1,-1.873225701E0,2.068971434E0
3.899510542E0,-1.847816625E-1,-1.029464588E0,-1.949594430E0,2.212433060E0
3.909504542E0,-8.317565594E-2,-9.785426491E-1,-1.758844222E0,2.014447047E0
3.919497542E0,1.395893367E-1,-9.362424293E-1,-1.633072953E0,1.887581081E0
3.929491542E0,4.654462962E-1,-9.639737266E-1,-1.536534253E0,1.872651358E0
3.939484542E0,6.942888848E-1,-9.250626992E-1,-1.335846117E0,1.766992615E0
3.949478542E0,7.548919129E-1,-8.446342479E-1,-1.251842093E0,1.688306086E0
3.959472542E0,5.972761220E-1,-7.132446809E-1,-1.289073070E0,1.589706300E0
3.969465542E0,2.416549710E-1,-6.317916512E-1,-1.337837679E0,1.499122233E0
3.979459542E0,-1.416675103E-1,-6.775418745E-1,-1.367704087E0,1.532888497E0
3.989452542E0,-4.723847120E-1,-9.265329815E-1,-1.326733816E0,1.685773799E0
3.999446542E0,-7.009279597E-1,-1.210313706E0,-1.120056962E0,1.791838963E0
4.009439542E0,-6.313608576E-1,-1.369635276E0,-8.064772189E-1,1.710240576E0
4.019433542E0,-4.216853323E-1,-1.502620402E0,-5.240935403E-1,1.646317294E0
4.029427542E0,-2.825257294E-1,-1.639361048E0,-2.569792807E-1,1.683259869E0
4.039420542E0,-2.363122239E-1,-1.642432737E0,4.355707884E-2,1.659917462E0
4.049414542E0,-1.685610843E-1,-1.501003647E0,2.055547732E-1,1.524361359E0
4.059407542E0,1.945836425E-2,-1.329417981E0,2.513577676E-1,1.353111792E0
4.069401542E0,9.345586505E-2,-1.186547625E0,2.598660511E-1,1.218260904E0
4.079394542E0,3.736469474E-2,-1.150348025E0,1.979095387E-1,1.167846258E0
4.089388542E0,2.834236789E-2,-1.118689956E0,1.043090647E-1,1.123899857E0
4.099382542E0,8.572906192E-2,-1.082524270E0,-5.084855676E-2,1.087103419E0
4.109375542E0,2.360185475E-1,-1.055328212E0,-1.439251202E-1,1.090933926E0
4.119369542E0,4.406534440E-1,-1.022308912E0,-8.810350657E-2,1.116715361E0
4.129362542E0,5.643092643E-1,-1.067786143E0,-9.490674198E-2,1.211453459E0
4.139356542E0,5.162521683E-1,-1.067506720E0,-1.361430609E-1,1.193575231E0
4.149350542E0,3.476506651E-1,-9.499308342E-1,-8.931154132E-2,1.015483198E0
4.159343542E0,1.419592498E-1,-8.132917833E-1,-3.014824390E-2,8.261385295E-1
4.169337542E0,-4.266895987E-2,-6.086144578E-1,1.459745693E-1,6.273282819E-1
4.179330542E0,-1.212281660E-1,-4.692448302E-1,3.159443575E-1,5.785393815E-1
4.189324542E0,-7.601125446E-2,-3.953300310E-1,4.999433702E-1,6.418776501E-1
4.199317958E0,1.156518226E-1,-3.897137073E-1,7.459035730E-1,8.494847014E-1
4.209311958E0,3.246342701E-1,-4.462806948E-1,8.872389615E-1,1.044866902E0
4.219305958E0,5.293866226E-1,-4.351091507E-1,8.125004357E-1,1.062886225E0
4.229298958E0,6.460718675E-1,-4.563835870E-1,6.315747195E-1,1.012216115E0
4.239292958E0,7.352930693E-1,-5.090870268E-1,5.389846444E-1,1.044188654E0
4.249285958E0,8.631822737E-1,-6.608644460E-1,6.166017544E-1,1.249809256E0
4.259279958E0,7.952090496E-1,-8.796296874E-1,6.389322710E-1,1.346974486E0
4.269272958E0,4.675246159E-1,-6.982888920E-1,8.527854127E-1,1.197259205E0
4.279266958E0,1.119452360E-1,-1.212462192E-1,1.439452931E0,1.448881335E0
4.289260958E0,-1.504940285E-1,3.936693487E-1,2.098665685E0,2.140565735E0
4.299253958E0,-2.359372712E-1,8.402658661E-1,2.915262095E0,3.043101412E0
4.309247958E0,-2.270311578E-1,1.085318435E0,3.381640694E0,3.558785331E0
4.319240958E0,-2.503690034E-1,1.002812980E0,3.283223868E0,3.442074589E0
4.329234958E0,-2.992276065E-2,6.615978330E-1,2.847226818E0,2.923235812E0
4.339227958E0,2.292568273E-1,3.034791536E-1,2.363855626E0,2.394258071E0
4.349221958E0,9.474682063E-2,2.207853447E-1,2.332818605E0,2.345157942E0
4.359215958E0,-1.517441632E-1,1.521431626E-1,2.525012491E0,2.534139284E0
4.369208958E0,-9.393939324E-2,1.330608931E-1,2.582688841E0,2.587819828E0
4.379202958E0,9.264167681E-2,2.242051619E-1,2.692460960E0,2.703367613E0
4.389195958E0,2.626975653E-1,4.711979464E-1,2.723207958E0,2.776130238E0
4.399189958E0,2.791250253E-1,1.029667633E0,2.922983344E0,3.111584458E0
4.409183958E0,9.842793524E-2,1.618292946E0,3.185709268E0,3.574535446E0
4.419176958E0,-3.794550598E-3,1.671273397E0,3.130926704E0,3.549066243E0
4.429170958E0,5.167842284E-2,1.309911815E0,2.819537913E0,3.109394421E0
4.439163958E0,1.179782470E-1,7.813944179E-1,2.549357958E0,2.669030180E0
4.449157958E0,8.130275622E-2,3.266046356E-1,2.644543027E0,2.665874819E0
4.459150958E0,-8.802486151E-2,3.588677444E-2,2.951360466E0,2.952890929E0
4.469144958E0,-2.610828567E-1,-2.182473242E-3,3.293813176E0,3.304145011E0
4.479138958E0,-4.825876647E-1,2.261506767E-1,3.973697591E0,4.009277681E0
4.489131958E0,-4.530383219E-1,5.664853422E-1,4.485190381E0,4.543465871E0
4.499125958E0,-3.110076995E-1,9.169280528E-1,4.517462334E0,4.620059392E0
4.509118958E0,-5.976716861E-2,1.209460305E0,4.251465477E0,4.420557097E0
4.519112958E0,3.215094450E-1,1.318211792E0,3.503131217E0,3.756724501E0
4.529105958E0,8.228571703E-1,1.130605047E0,2.470976032E0,2.839204862E0
4.539099958E0,1.272125500E0,8.396936430E-1,1.416566344E0,2.080876957E0
4.549093958E0,1.359878904E0,7.153261435E-1,6.086688370E-1,1.652706834E0
4.559086958E0,1.108671849E0,6.693032938E-1,7.104016185E-2,1.296983759E0
4.569080958E0,7.653243689E-1,6.791879388E-1,-2.140466845E-1,1.045386832E0
4.579073958E0,3.088466417E-1,7.385574237E-1,8.279891253E-2,8.048036879E-1
4.589067958E0,-8.341842502E-2,7.583508334E-1,7.949704832E-1,1.101831516E0
4.599060958E0,-3.540773398E-1,8.497805285E-1,1.583450557E0,1.831614964E0
4.609054958E0,-3.828661792E-1,8.841276580E-1,2.070034209E0,2.283267363E0
4.619048958E0,-3.214234909E-1,8.285811558E-1,2.171791549E0,2.346601441E0
4.629041958E0,-2.659568033E-1,8.170549782E-1,2.028596746E0,2.203069816E0
4.639035958E0,-1.920053858E-1,9.400567143E-1,1.776797513E0,2.019302379E0
4.649028958E0,-2.492112547E-2,1.059858781E0,1.460329830E0,1.804573332E0
4.659022958E0,2.040796669E-1,1.023460010E0,1.117653172E0,1.529139469E0
4.669016958E0,4.131556334E-1,9.068659448E-1,8.867834634E-1,1.333974636E0
4.679009958E0,3.996072692E-1,7.164789221E-1,6.568726981E-1,1.050956591E0
4.689003958E0,2.314980651E-1,5.227380095E-1,4.363028598E-1,7.191707490E-1
4.698996958E0,-3.159272544E-2,3.793019358E-1,5.406861842E-1,6.612182760E-1
4.708990958E0,-3.273630926E-1,3.431770335E-1,6.831535935E-1,8.316465013E-1
4.718983958E0,-6.701182495E-1,6.001737097E-1,9.745437384E-1,1.326273896E0
4.728977958E0,-8.024585737E-1,7.458396191E-1,1.479142662E0,1.840673658E0
4.738971958E0,-7.216781931E-1,7.826269379E-1,1.719778975E0,2.022613176E0
4.748964958E0,-5.117103070E-1,7.525077838E-1,1.618415152E0,1.856712958E0
4.758958958E0,-2.440366150E-1,5.655282260E-1,1.326816847E0,1.462812014E0
4.768951958E0,8.922120184E-4,3.923882968E-1,7.563578099E-1,8.520836274E-1
4.778945958E0,1.623482350E-1,2.286357068E-1,6.667287648E-2,2.882299573E-1
4.788938958E0,2.262126938E-1,8.517200500E-2,-5.036037272E-1,5.586082414E-1
4.798932958E0,8.868654706E-2,1.378711324E-1,-8.475609255E-1,8.632689472E-1
4.808926958E0,-1.848703940E-1,3.246541507E-1,-9.895634812E-1,1.057739696E0
4.818919958E0,-4.510090457E-1,4.401914775E-1,-8.364488769E-1,1.047293855E0
4.828913958E0,-6.026600189E-1,4.931971452E-1,-4.898282719E-1,9.199860098E-1
4.838906958E0,-5.587809777E-1,4.775795245E-1,5.018665195E-3,7.350806556E-1
4.848900958E0,-3.592212816E-1,2.550727960E-1,5.675944859E-1,7.185162217E-1
4.858894958E0,-1.887669785E-1,-3.522004567E-2,1.118211581E0,1.134579466E0
4.868887958E0,-5.508574158E-2,-1.510278062E-1,1.503362998E0,1.511933908E0
4.878881958E0,5.220116392E-2,-3.806873605E-1,1.770003049E0,1.811231244E0
4.888874958E0,2.078371608E-1,-6.196568515E-1,1.416737083E0,1.560229106E0
4.898868958E0,3.379623404E-1,-6.093042831E-1,7.297284204E-1,1.008946887E0
4.908861958E0,4.030214585E-1,-5.164325184E-1,9.327069104E-2,6.616859254E-1
4.918855958E0,3.571231545E-1,-3.025765993E-1,-4.026848781E-1,6.174501251E-1
4.928849958E0,2.509677583E-1,7.887309194E-2,-6.978558326E-1,7.457939014E-1
4.938842958E0,2.147416261E-1,3.819448042E-1,-7.067593879E-1,8.315675750E-1
4.948836958E0,2.478054013E-1,6.123021506E-1,-6.206275624E-1,9.063663783E-1
4.958829958E0,3.037291951E-1,8.314454144E-1,-5.489149708E-1,1.041566391E0
4.968823958E0,4.006167545E-1,9.669033279E-1,-5.796298099E-1,1.196397319E0
4.978817958E0,4.954962704E-1,9.306696673E-1,-6.433065730E-1,1.235113732E0
4.988810958E0,5.379332054E-1,7.719812047E-1,-5.695971572E-1,1.099894556E0
4.998804958E0,4.918631760E-1,5.676320542E-1,-4.327705568E-1,8.668482495E-1
5.008797958E0,3.181872763E-1,9.292490132E-2,-2.058196521E-1,3.901793297E-1
5.018791958E0,1.549109786E-1,-3.703299681E-1,1.373317999E-1,4.242660956E-1
5.028784958E0,-7.009349763E-5,-5.529458950E-1,4.897353011E-1,7.386405303E-1
5.038778958E0,-1.898859163E-1,-7.671006069E-1,7.319269735E-1,1.077133741E0
5.048772958E0,-3.103883332E-1,-8.190395962E-1,7.390237391E-1,1.146002995E0
5.058765958E0,-5.149784255E-1,-6.381053285E-1,6.968699920E-1,1.076108254E0
5.068759958E0,-6.367980373E-1,-4.208499844E-1,6.618732369E-1,1.010298288E0
5.078752958E0,-5.568653202E-1,-2.028330405E-1,5.101531935E-1,7.819824218E-1
5.088746958E0,-3.535034356E-1,-8.554067194E-2,2.544269711E-1,4.438636831E-1
5.098740958E0,-1.704419509E-1,-4.268248156E-2,-8.332516193E-2,1.944616555E-1
5.108733958E0,-1.376180211E-1,2.551359460E-2,-3.831317890E-1,4.078965935E-1
5.118727958E0,-1.321740440E-1,4.765210323E-2,-4.985955870E-1,5.180137645E-1
5.128720958E0,-7.876356628E-2,-9.558567680E-2,-4.817836726E-1,4.974493222E-1
5.138714958E0,-1.096364264E-1,-2.191757890E-1,-3.401366276E-1,4.192267857E-1
5.148707958E0,-2.060053012E-1,-2.691960876E-1,7.977882564E-2,3.482375321E-1
5.158701958E0,-3.022921688E-1,-3.088312197E-1,4.845423889E-1,6.492600436E-1
5.168695958E0,-2.978401719E-1,-3.052350359E-1,7.257265860E-1,8.417578468E-1
5.178688958E0,-2.595359027E-1,-2.291001950E-1,8.817250371E-1,9.472511943E-1
5.188682958E0,-2.160448243E-1,-1.221277235E-1,9.547228467E-1,9.864513475E-1
5.198675792E0,-1.648293913E-1,-1.138672158E-2,8.937077361E-1,9.088519700E-1
5.208669792E0,-6.998031747E-2,8.798261538E-2,8.346970510E-1,8.422335498E-1
5.218663792E0,2.458512984E-2,1.756244843E-1,5.860412818E-1,6.122848782E-1
5.228656792E0,8.864638399E-2,2.022967046E-1,2.525482607E-1,3.355037438E-1
5.238650792E0,1.310756446E-1,1.878280619E-1,-7.775451958E-2,2.418800751E-1
5.248643792E0,1.420575196E-1,2.496704804E-1,-3.752047187E-1,4.725402296E-1
5.258637792E0,1.225701385E-1,3.405983749E-1,-4.476306707E-1,5.756769138E-1
5.268630792E0,1.462495712E-1,2.727825139E-1,-3.980334181E-1,5.042120971E-1
5.278624792E0,2.127657057E-1,1.294614841E-1,-2.094262147E-1,3.254056865E-1
5.288618792E0,1.450448620E-1,-6.197694104E-2,6.607704520E-2,1.710126578E-1
5.298611792E0,3.967840143E-2,-1.753623828E-1,2.447048056E-1,3.036556977E-1
5.308605792E0,-7.899705291E-2,-1.520413114E-1,3.164127195E-1,3.598251017E-1
5.318598792E0,-1.584584478E-1,-1.076841507E-1,3.132651633E-1,3.672056897E-1
5.328592792E0,-1.641683270E-1,1.384759538E-2,2.363497192E-1,2.881044693E-1
5.338586792E0,-1.136191294E-1,1.592081340E-1,1.408190793E-1,2.410115134E-1
5.348579792E0,3.372078303E-2,1.997275843E-1,6.665299594E-2,2.132388825E-1
5.358573792E0,1.570176939E-1,2.591153417E-1,-1.589127034E-1,3.421236089E-1
5.368566792E0,1.875325765E-1,3.238942685E-1,-2.041578734E-1,4.263289829E-1
5.378560792E0,1.727362521E-1,3.021822046E-1,-1.134833461E-1,3.661015807E-1
5.388554792E0,2.425071662E-1,2.228199930E-1,-1.393537670E-1,3.576002619E-1
5.398547792E0,1.689087926E-1,1.745930354E-1,-1.108842587E-1,2.670360034E-1
5.408541792E0,6.385777105E-2,1.626953037E-1,-1.171460420E-1,2.104062070E-1
5.418534792E0,2.443823225E-2,8.494436558E-2,1.392572880E-2,8.948015625E-2
5.428528792E0,-6.515876282E-2,7.504532184E-2,1.896310508E-1,2.140967074E-1
5.438521792E0,-1.495645770E-1,1.536396478E-1,2.279876161E-1,3.129745311E-1
5.448515792E0,-1.507184519E-1,2.393711582E-1,1.598774940E-1,3.249237083E-1
5.458509792E0,-7.443907522E-3,2.748066372E-1,2.913609087E-2,2.764471223E-1
5.468502792E0,2.302167574E-1,3.145216569E-1,-1.642746001E-1,4.229772716E-1
5.478496792E0,3.238023575E-1,3.636495242E-1,-2.867994958E-1,5.651043214E-1
5.488489792E0,3.746403893E-1,4.148584156E-1,-3.549119568E-1,6.621370126E-1
5.498483792E0,3.245638843E-1,4.520790496E-1,-3.785732996E-1,6.730786917E-1
5.508476792E0,2.096458690E-1,4.732484919E-1,-3.211811239E-1,6.091574836E-1
5.518470792E0,1.831600286E-1,5.010082213E-1,-2.582487112E-1,5.926628306E-1
5.528464792E0,2.206497624E-1,4.232417515E-1,-6.962045789E-2,4.823555804E-1
5.538457792E0,2.307690817E-1,2.720122529E-1,8.993836284E-2,3.678776208E-1
5.548451792E0,1.484941985E-1,1.579151319E-1,1.328768063E-1,2.542517679E-1
5.558444792E0,-1.037120275E-1,4.543856665E-2,3.282966006E-1,3.472743957E-1
5.568438792E0,-2.453843434E-1,6.659174636E-3,5.187836838E-1,5.739288555E-1
5.578432792E0,-2.646000117E-1,-2.309006989E-2,5.937087357E-1,6.504124694E-1
5.588425792E0,-2.173289825E-1,-1.242635652E-1,6.270735329E-1,6.751996268E-1
5.598419792E0,-1.190895286E-1,-3.192842871E-2,5.280655539E-1,5.422683557E-1
5.608412792E0,-5.434689106E-2,1.059600261E-1,3.530145353E-1,3.725592219E-1
5.618406792E0,7.585081235E-3,1.757490300E-1,8.337544799E-2,1.946707999E-1
5.628400792E0,4.974580843E-2,2.635185509E-1,-2.152822012E-1,3.438940218E-1
5.638393792E0,6.914230183E-2,2.794744330E-1,-4.310275018E-1,5.183351463E-1
5.648387792E0,7.393497214E-2,2.558351999E-1,-5.764325523E-1,6.349744223E-1
5.658380792E0,6.026692282E-2,2.131370039E-1,-6.227670586E-1,6.609828241E-1
5.668374792E0,1.281596381E-2,1.378794647E-1,-3.893204820E-1,4.132135446E-1
5.678367792E0,-4.997578673E-3,1.066494494E-1,-1.571450901E-1,1.899833155E-1
5.688361792E0,-2.261045203E-2,7.400800752E-2,-3.292450190E-2,8.409780343E-2
5.698355792E0,-2.744556947E-2,2.254065089E-2,2.200775027E-2,4.178135108E-2
5.708348792E0,-6.206033695E-3,1.064154876E-2,-5.687879026E-2,5.819754458E-2
5.718342792E0,-3.859381601E-2,-3.656196339E-2,1.956536829E-2,5.664859608E-2
5.728335792E0,-3.181528509E-2,-8.624376308E-2,2.208300394E-1,2.391988824E-1
5.738329792E0,-1.028156128E-2,-5.704110531E-2,3.218026829E-1,3.269806797E-1
5.748323792E0,-1.022612236E-2,-7.592108857E-2,3.774085343E-1,3.851049039E-1
5.758316792E0,5.129842691E-2,-6.109952979E-2,3.143112302E-1,3.242780143E-1
5.768310792E0,6.079214897E-2,-5.571197838E-2,1.601061201E-1,1.800929749E-1
5.778303792E0,3.692991771E-2,-8.635944659E-2,4.121468425E-2,1.025691135E-1
5.788297792E0,1.360475320E-2,-6.916680532E-2,-5.139527142E-2,8.723881127E-2
5.798290792E0,-9.572805651E-2,-5.720930412E-2,-1.096224296E-1,1.563772437E-1
5.808284792E0,-1.479173067E-1,-5.134966314E-2,-1.468510669E-1,2.146661440E-1
5.818278792E0,-1.417786074E-1,-3.499752257E-2,-2.340470856E-1,2.758696040E-1
5.828271792E0,-1.567659347E-1,-7.477108743E-2,-2.825608492E-1,3.316728920E-1
5.838265792E0,-1.479024329E-1,-7.355504930E-3,-3.823365676E-1,4.100127852E-1
5.848258792E0,-1.045786945E-1,1.704743846E-2,-4.210825574E-1,4.342094410E-1
5.858252792E0,-3.903520770E-2,1.440145461E-2,-3.548523152E-1,3.572832419E-1
5.868246792E0,-1.829005402E-2,-1.623582666E-2,-3.334532601E-1,3.343489267E-1
5.878239792E0,-4.861890379E-2,-7.171166888E-2,3.707368612E-2,9.423809985E-2
5.888233792E0,1.499076258E-2,-1.050769229E-1,2.650759202E-1,2.855365584E-1
5.898226792E0,9.882488810E-2,-1.670502551E-1,3.220985520E-1,3.760580054E-1
5.908220792E0,1.916965432E-1,-1.459787994E-1,-9.855481982E-3,2.411524520E-1
5.918214792E0,1.813087088E-1,6.504333057E-2,-6.903333896E-1,7.167033358E-1
5.928207792E0,-1.221227534E-1,2.514047463E-1,-7.706121522E-1,8.197325189E-1
5.938201792E0,-1.397257230E-1,3.339792171E-1,-4.391282344E-1,5.691212537E-1
5.948194792E0,4.065949112E-2,3.477080409E-1,-2.429693520E-1,4.261316486E-1
5.958188792E0,-3.016622409E-2,3.571625866E-1,-1.711632049E-1,3.972051826E-1
5.968181792E0,-1.979618713E-2,4.390463734E-1,-1.805532485E-1,4.751348046E-1
5.978175792E0,1.311254921E-1,4.032446759E-1,-2.400369734E-1,4.872554894E-1
5.988169792E0,1.570851561E-1,3.312940295E-1,-3.159203839E-1,4.839805464E-1
5.998162792E0,1.221617105E-1,3.672223192E-1,-3.332298964E-1,5.107033181E-1
6.008156792E0,2.955244917E-2,3.180584914E-1,-3.171295881E-1,4.501174590E-1
6.018149792E0,2.593601938E-2,2.563338943E-1,-5.222376341E-1,5.823331425E-1
6.028143792E0,1.345119436E-1,1.598446582E-1,-6.927781105E-1,7.235919348E-1
6.038137792E0,1.238688051E-1,-2.446416557E-2,-4.466372287E-1,4.641409165E-1
6.048130792E0,6.307245344E-2,-8.711370086E-2,-7.116412282E-2,1.289622566E-1
6.058124792E0,-4.298715804E-2,-1.061225604E-1,2.750530243E-1,2.979329786E-1
6.068117792E0,-1.163391628E-1,-1.892955668E-1,6.548980933E-1,6.915628135E-1
6.078111792E0,-8.419983231E-2,-2.776281746E-1,8.374534285E-1,8.862817047E-1
6.088105792E0,-1.425691144E-1,-3.006711379E-1,7.696304047E-1,8.384867592E-1
6.098098792E0,-1.912199951E-1,-2.358893240E-1,6.594273466E-1,7.259843560E-1
6.108092792E0,-1.250944546E-1,-1.147355273E-1,5.167675638E-1,5.439315939E-1
6.118085792E0,-9.437672842E-2,-7.187247645E-2,2.145577312E-1,2.451685945E-1
6.128079792E0,3.278204910E-3,-6.146077808E-2,-1.212396777E-1,1.359677657E-1
6.138072792E0,1.973723989E-2,3.538201354E-2,-3.028325611E-1,3.055306950E-1
6.148066792E0,-3.862656042E-2,1.579966640E-1,-2.461174929E-1,2.950064022E-1
6.158060792E0,1.588198788E-2,2.054490848E-1,-1.142411453E-1,2.356111272E-1
6.168053792E0,1.642280782E-1,2.122070956E-1,1.217858076E-2,2.686094394E-1
6.178047792E0,2.434587822E-1,1.709249126E-1,3.356301785E-3,2.974874269E-1
6.188040792E0,1.875318273E-1,1.954977816E-1,-5.565672219E-2,2.765596492E-1
6.198034917E0,8.978584187E-2,2.805655417E-1,-1.333556932E-1,3.233608843E-1
6.208028917E0,4.547065325E-2,3.314761703E-1,-1.116116524E-1,3.527055326E-1
6.218021917E0,1.846890572E-2,2.633546096E-1,-2.035649657E-2,2.647850785E-1
6.228015917E0,1.398226406E-2,2.221232608E-1,-3.816886961E-2,2.258121106E-1
6.238008917E0,5.299806632E-3,1.920524925E-1,-1.048949558E-1,2.188954078E-1
6.248002917E0,-2.545895968E-2,1.689168508E-1,-1.152152914E-1,2.060476268E-1
6.257996917E0,-4.978613595E-2,1.469216721E-1,-1.244614935E-1,1.988851438E-1
6.267989917E0,-9.783880999E-2,1.327311740E-1,-1.929885221E-1,2.538396481E-1
6.277983917E0,-1.343091914E-1,1.640693263E-1,-1.710176092E-1,2.724054430E-1
6.287976917E0,-2.877700971E-1,1.380037546E-1,7.256979346E-3,3.192324056E-1
6.297970917E0,-3.213513509E-1,4.910155490E-2,1.262361234E-1,3.487308594E-1
6.307964917E0,-1.989476388E-1,5.146748453E-2,8.463026047E-2,2.222416386E-1
6.317957917E0,-1.181765589E-1,7.288177896E-2,-6.655183911E-2,1.539694777E-1
6.327951917E0,-2.434946878E-2,1.051734659E-1,-2.492071617E-1,2.715852794E-1
6.337944917E0,-1.025800065E-1,1.186305770E-1,-2.003741401E-1,2.544516999E-1
6.347938917E0,-2.113594138E-1,9.972006027E-2,2.511379123E-3,2.337160655E-1
6.357931917E0,-2.035072610E-1,1.026127875E-1,8.234107554E-2,2.423316780E-1
6.367925917E0,-1.520284840E-1,9.583809379E-2,3.400799096E-2,1.829047392E-1
6.377919917E0,-6.581593961E-2,8.987638235E-2,-2.052881402E-1,2.335652425E-1
6.387912917E0,-9.392338648E-2,1.161915571E-1,-3.443191409E-1,3.753368504E-1
6.397906917E0,-2.142256276E-1,9.494197145E-2,-2.116662830E-1,3.157676564E-1
6.407899917E0,-2.808787514E-1,7.759595040E-2,-6.495847285E-2,2.985525209E-1
6.417893917E0,-2.492744229E-1,7.587968297E-2,-6.250673532E-4,2.605683306E-1
6.427887917E0,-1.673853006E-1,8.466234706E-2,-5.216301084E-3,1.876506373E-1
6.437880917E0,-2.101955986E-1,9.182909656E-2,4.879735351E-2,2.345121625E-1
6.447874917E0,-3.316378458E-1,7.102163348E-2,3.300472569E-1,4.732429873E-1
6.457867917E0,-3.267159520E-1,4.333788134E-2,5.720968419E-1,6.602395639E-1
6.467861917E0,-9.469203953E-2,4.554980993E-4,6.124525702E-1,6.197297319E-1
6.477855917E0,1.212340863E-1,-1.498349011E-6,4.775660759E-1,4.927139744E-1
6.487848917E0,2.372159111E-1,1.048361912E-2,3.243725342E-1,4.019935766E-1
6.497842917E0,2.697275813E-1,6.347795784E-2,1.652633643E-1,3.226366359E-1
6.507835917E0,2.397246955E-1,1.048398457E-1,-2.557104349E-2,2.628938971E-1
6.517829917E0,1.628316901E-1,1.140793601E-1,-1.271260697E-1,2.359857989E-1
6.527823917E0,6.315842578E-2,1.064570029E-1,-1.865133154E-1,2.238510600E-1
6.537816917E0,-2.101085482E-2,1.254521945E-1,-1.884534216E-1,2.273640280E-1
6.547810917E0,-4.458207747E-2,1.440225129E-1,-1.917763942E-1,2.439430902E-1
6.557803917E0,-6.552663948E-3,1.364066242E-1,-2.081854355E-1,2.489796781E-1
6.567797917E0,3.749859598E-2,1.481733782E-1,-1.814350086E-1,2.372343927E-1
6.577790917E0,5.862036517E-2,1.088522782E-1,-9.137210011E-2,1.537336215E-1
6.587784917E0,5.157931253E-2,5.852540273E-2,-8.974598944E-2,1.189116936E-1
6.597778917E0,-7.716577806E-2,8.289524540E-4,-1.768952304E-1,1.929952513E-1
6.607771917E0,-2.810002273E-1,4.233957890E-2,-2.697794205E-1,3.918350462E-1
6.617765917E0,-5.098840754E-1,1.301849309E-1,-2.764277047E-1,5.944259100E-1
6.627758917E0,-7.016389811E-1,2.030690487E-1,-2.537177038E-1,7.732444449E-1
6.637752917E0,-8.147300521E-1,2.379014240E-1,-2.840910655E-1,8.950362445E-1
6.647746917E0,-8.445199348E-1,2.156942837E-1,-3.730096740E-1,9.480897432E-1
6.657739917E0,-8.608032610E-1,2.116579873E-1,-4.028994709E-1,9.737090640E-1
6.667733917E0,-7.480309363E-1,2.619524107E-1,-3.459674710E-1,8.647906325E-1
6.677726917E0,-4.543569786E-1,2.198611557E-1,-3.613626051E-1,6.207754217E-1
6.687720917E0,-3.753825472E-1,5.840286702E-2,-3.293204480E-1,5.027672514E-1
6.697714917E0,-3.664254899E-1,-6.775132231E-2,-1.911606824E-1,4.188081754E-1
6.707707917E0,-2.155483591E-1,-2.937842142E-1,-1.019637465E-2,3.645191705E-1
6.717701917E0,-5.628003538E-2,-5.543524428E-1,1.282499045E-1,5.717710304E-1
6.727694917E0,1.129333424E-1,-6.140708602E-1,2.383979988E-1,6.683341732E-1
6.737688917E0,1.032994699E-1,-5.012157243E-1,3.920452845E-1,6.446607541E-1
6.747682917E0,6.266607195E-2,-2.716527222E-1,5.273217881E-1,5.964817736E-1
6.757675917E0,1.789330582E-1,6.163542710E-2,6.604687357E-1,6.870479721E-1
6.767669917E0,4.214050314E-1,3.435150026E-1,8.252140367E-1,9.882120035E-1
6.777662917E0,5.819938391E-1,3.472162170E-1,8.397496301E-1,1.079099333E0
6.787656917E0,6.073671006E-1,2.191122736E-1,7.358691663E-1,9.789833569E-1
6.797650917E0,4.900877421E-1,1.382039121E-1,6.513482487E-1,8.267652976E-1
6.807643917E0,3.898940939E-1,1.357958825E-1,5.628102940E-1,6.980067000E-1
6.817637917E0,3.415094076E-1,1.565134446E-1,3.939830518E-1,5.443783417E-1
6.827630917E0,3.602965115E-1,1.964543130E-1,3.234439963E-1,5.225168820E-1
6.837624917E0,3.637980435E-1,2.041701525E-1,2.643496960E-1,4.938777475E-1
6.847617917E0,2.553481999E-1,1.858594505E-1,1.641424531E-1,3.559342404E-1
6.857611917E0,1.312619515E-1,2.354648893E-1,8.850053251E-2,2.837353666E-1
6.867605917E0,8.033131443E-2,2.904660655E-1,-7.414795697E-2,3.103571729E-1
6.877598917E0,1.695264962E-1,3.425401255E-1,-2.746384567E-1,4.706370708E-1
6.887592917E0,2.914423678E-1,3.644262537E-1,-3.939555699E-1,6.106931629E-1
6.897585917E0,3.642667344E-1,4.164007650E-1,-4.048746604E-1,6.855678970E-1
6.907579917E0,3.535583264E-1,4.642472150E-1,-3.164980888E-1,6.638523985E-1
6.917573917E0,2.822472557E-1,4.638716045E-1,-2.011699462E-1,5.790593459E-1
6.927566917E0,1.214498485E-1,3.902018767E-1,-1.177535677E-1,4.252922207E-1
6.937560917E0,-2.286626771E-3,3.512923841E-1,-7.841876328E-2,3.599459268E-1
6.947553917E0,-4.772607051E-2,3.616484609E-1,-2.095642090E-3,3.647900475E-1
6.957547917E0,-9.941812467E-2,2.735314326E-1,1.357512975E-1,3.211414375E-1
6.967541917E0,-5.928777002E-2,1.849125671E-1,2.432973808E-1,3.112897567E-1
6.977534917E0,1.741359293E-2,1.805753949E-1,3.225844556E-1,3.700965245E-1
6.987528917E0,-7.187689841E-4,1.870492858E-1,3.056626135E-1,3.583539943E-1
6.997521917E0,-9.548832066E-3,2.189421927E-1,1.865805584E-1,2.878179437E-1
7.007515917E0,2.705038905E-2,2.590828896E-1,3.757420778E-2,2.631871736E-1
7.017509917E0,3.188369751E-2,3.004909705E-1,-7.778375566E-2,3.120283740E-1
7.027502917E0,2.679815479E-3,2.737226366E-1,-1.188820803E-1,2.984362783E-1
7.037496917E0,-9.580662847E-3,2.732851186E-1,-9.378875434E-2,2.890897363E-1
7.047489917E0,-6.128039148E-2,3.107513722E-1,4.355240107E-2,3.197163013E-1
7.057483917E0,-1.711552746E-1,2.502978867E-1,1.542875558E-1,3.402172982E-1
7.067477917E0,-1.540649596E-1,1.511734749E-1,1.046347547E-1,2.398705134E-1
7.077470917E0,-1.200635833E-1,6.272629827E-2,1.338252246E-2,1.361210654E-1
7.087464917E0,-6.026396267E-2,-1.262092263E-2,-7.437950671E-2,9.655746425E-2
7.097457917E0,-1.147768233E-2,1.169391967E-2,-2.049028087E-1,2.055569166E-1
7.107451917E0,-4.094286181E-2,7.389930412E-2,-2.830666333E-1,2.954050507E-1
7.117445917E0,-4.317536529E-2,1.213513595E-1,-2.614547396E-1,2.914598522E-1
7.127438917E0,2.055058759E-2,1.795125172E-1,-1.310039431E-1,2.231795322E-1
7.137432917E0,8.302344561E-2,1.925119740E-1,-1.390994132E-2,2.101124440E-1
7.147425917E0,1.522578776E-1,2.172762479E-1,9.656852067E-2,2.823418290E-1
7.157419917E0,5.756916370E-2,1.871551935E-1,2.256019521E-1,2.987264901E-1
7.167412917E0,-5.805247262E-2,8.659097806E-2,2.504222131E-1,2.712551785E-1
7.177406917E0,-9.214831799E-2,4.953907281E-2,2.186601377E-1,2.423998516E-1
7.187400917E0,-1.082687626E-1,4.657073379E-2,1.402665174E-1,1.832093178E-1
7.197393917E0,-1.060483921E-2,1.066210538E-2,3.479619563E-2,3.790670569E-2
7.207387458E0,1.432947904E-2,-4.966113344E-3,-7.633656979E-2,7.782845327E-2
7.217381458E0,-1.640608113E-2,-3.073077276E-3,-1.682629859E-1,1.690888398E-1
7.227374458E0,-6.176180005E-2,4.455958396E-2,-2.329349452E-1,2.450688988E-1
7.237368458E0,-6.564760376E-2,1.128366441E-1,-2.061652225E-1,2.440201121E-1
7.247361458E0,1.975960549E-2,1.883418860E-1,-2.261358029E-1,2.949584875E-1
7.257355458E0,2.459751863E-2,2.406887186E-1,-1.981685704E-1,3.127409143E-1
7.267348458E0,3.793209393E-2,2.112385592E-1,-2.106307411E-1,3.007089652E-1
7.277342458E0,3.099269148E-2,1.271319900E-1,-1.735237259E-1,2.173328628E-1
7.287336458E0,-1.034590989E-1,5.054230884E-2,6.511108518E-2,1.322791122E-1
7.297329458E0,-1.300842857E-1,4.447026774E-3,3.174476767E-1,3.430957954E-1
7.307323458E0,-1.601754827E-1,-2.829855032E-2,5.027301532E-1,5.283886828E-1
7.317316458E0,-6.085409291E-2,-1.337604667E-1,5.048737425E-1,5.258256164E-1
7.327310458E0,2.695310600E-2,-2.603676691E-1,2.970695454E-1,3.959395255E-1
7.337304458E0,-3.403112400E-2,-3.087138368E-1,2.661126316E-2,3.117218468E-1
7.347297458E0,-1.231092152E-1,-2.165304355E-1,-5.010479093E-2,2.540704596E-1
7.357291458E0,-1.133372388E-1,-8.712665610E-2,-1.074805945E-1,1.788531859E-1
7.367284458E0,-4.984820779E-2,-1.154291533E-2,-1.995251244E-1,2.059814506E-1
7.377278458E0,3.291543871E-3,4.540172920E-2,-2.367578548E-1,2.410942411E-1
7.387272458E0,1.381615198E-1,1.039832287E-1,-2.553139937E-1,3.083607510E-1
7.397265458E0,3.022975774E-1,1.394430102E-1,-2.495726126E-1,4.160705077E-1
7.407259458E0,3.549782496E-1,1.156289088E-1,-2.858925927E-1,4.702277924E-1
7.417252458E0,1.890773560E-1,3.088075384E-2,-2.959790397E-1,3.525726300E-1
7.427246458E0,-5.070774850E-2,-4.700298920E-2,-1.837961143E-1,1.963709968E-1
7.437240458E0,-1.386716162E-1,-7.685127094E-2,-3.422258377E-2,1.621946985E-1
7.447233458E0,2.611099731E-2,-9.880347267E-2,1.875880337E-1,2.136192425E-1
7.457227458E0,3.370613576E-1,-1.645768281E-1,4.674533165E-1,5.993400489E-1
7.467220458E0,4.963549340E-1,-2.325315604E-1,6.210468078E-1,8.283346452E-1
7.477214458E0,4.772738248E-1,-2.214404887E-1,6.637905389E-1,8.470207042E-1
7.487208458E0,2.548695322E-1,-1.387379090E-1,7.028171951E-1,7.603674740E-1
7.497201458E0,-8.279171314E-2,-1.073987335E-3,6.959110487E-1,7.008193839E-1
7.507195458E0,-3.130939495E-1,1.145577720E-1,5.674676013E-1,6.581571111E-1
7.517188458E0,-4.244486533E-1,1.735275266E-1,4.696968931E-1,6.564172706E-1
7.527182458E0,-2.645106041E-1,2.509647616E-1,2.448042083E-1,4.391790883E-1
7.537176458E0,-4.178840574E-2,2.815389752E-1,-2.041262984E-2,2.853544127E-1
7.547169458E0,1.591953432E-1,2.965340866E-1,-3.132651633E-1,4.597941761E-1
7.557163458E0,3.241580875E-1,2.674634846E-1,-4.791389769E-1,6.373298522E-1
7.567156458E0,3.648983433E-1,1.771871527E-1,-4.779297727E-1,6.268675743E-1
7.577150458E0,2.373301511E-1,1.022267251E-1,-4.142255276E-1,4.882199214E-1
7.587144458E0,2.637781307E-2,1.067732276E-1,-3.132914758E-1,3.320359317E-1
7.597137458E0,-1.516934386E-1,8.695365161E-2,-1.813917392E-1,2.519420566E-1
7.607131458E0,-1.686420317E-1,1.220258358E-1,-4.899791300E-2,2.138486262E-1
7.617124458E0,-1.695864301E-1,1.709556288E-1,2.959158897E-2,2.426129560E-1
7.627118458E0,-1.411288355E-1,1.864614214E-1,-2.535902345E-1,3.449539345E-1
7.637112458E0,-9.425667778E-2,2.347282132E-1,-7.404188848E-1,7.824332433E-1
7.647105458E0,1.576116979E-3,4.498736626E-1,-9.643789387E-1,1.064150146E0
7.657099458E0,1.030261856E-1,5.970482998E-1,-8.402630156E-1,1.035916504E0
7.667092458E0,1.051767185E-1,5.565710957E-1,-5.904974449E-1,8.182424818E-1
7.677086458E0,2.450854594E-1,3.867310426E-1,-5.750292206E-1,7.350417581E-1
7.687080458E0,3.012652881E-1,1.525705209E-1,-7.350616658E-1,8.089216218E-1
7.697073458E0,1.119695751E-1,6.611307867E-2,-6.705224383E-1,6.830142496E-1
7.707067458E0,-3.000140570E-2,4.312675300E-1,-3.801035160E-1,5.756478521E-1
7.717060458E0,-4.828579523E-2,4.590256514E-1,-1.283843905E-1,4.790810145E-1
7.727054458E0,-9.229003988E-2,2.140827180E-1,8.805906773E-4,2.331300861E-1
7.737048458E0,-1.364612956E-1,-6.256754637E-2,1.359682292E-1,2.025431865E-1
7.747041458E0,-9.223200627E-2,-3.107293721E-1,1.351665759E-1,3.511829849E-1
7.757035458E0,-8.578344103E-2,-4.547769184E-1,8.809532046E-2,4.711068135E-1
7.767028458E0,-1.399035149E-1,-4.245205010E-1,9.930677176E-2,4.578782416E-1
7.777022458E0,-1.552917055E-1,-2.547511261E-1,2.475149775E-1,3.876561803E-1
7.787015458E0,-3.634936228E-2,-1.761225209E-2,5.134264648E-1,5.150128176E-1
7.797009458E0,1.224004231E-1,1.248525991E-1,7.339407545E-1,7.544793345E-1
7.807003458E0,2.508720832E-1,1.624501227E-1,8.416990918E-1,8.931876654E-1
7.816996458E0,2.981849018E-1,1.882316659E-1,7.802963108E-1,8.562754979E-1
7.826990458E0,2.145942032E-1,2.130066841E-1,5.699590999E-1,6.451944630E-1
7.836984458E0,-3.883183423E-2,2.072769975E-1,4.107440954E-1,4.617167714E-1
7.846977458E0,-3.911125805E-2,1.923915944E-1,3.244579035E-1,3.792323130E-1
7.856971458E0,9.808791965E-2,7.310729876E-2,1.662135369E-1,2.063803696E-1
7.866964458E0,1.774480847E-1,-6.403563604E-2,-8.240481019E-3,1.888287345E-1
7.876958458E0,1.880457976E-1,-6.270444430E-2,-2.007220495E-1,2.821035456E-1
7.886951458E0,1.211103446E-1,1.876539610E-2,-3.211571503E-1,3.437466666E-1
7.896945458E0,3.831388056E-3,1.188586184E-1,-3.478309786E-1,3.675982051E-1
7.906939458E0,-5.029862612E-2,1.192263351E-1,-2.611781663E-1,2.914771094E-1
7.916932458E0,6.563364353E-2,2.652370110E-3,-1.642681682E-1,1.769147855E-1
7.926926458E0,2.076014449E-1,-2.465327914E-1,-2.160429239E-2,3.230224800E-1
7.936919458E0,2.402252537E-1,-3.892556145E-1,9.474301994E-2,4.671234802E-1
7.946913458E0,2.288901338E-1,-3.405698331E-1,2.127983040E-1,4.622354625E-1
7.956907458E0,1.700068449E-1,-1.396011773E-1,3.159695005E-1,3.850033004E-1
7.966900458E0,4.582510415E-2,1.162586905E-1,2.829292238E-1,3.092975411E-1
7.976894458E0,-1.285970464E-1,2.855181516E-1,2.399317235E-1,3.944934057E-1
7.986887458E0,-2.069772911E-1,3.470732160E-1,9.162294567E-2,4.143599649E-1
7.996881458E0,-1.608608495E-1,2.779591636E-1,-1.059176338E-1,3.381657207E-1
8.006875458E0,-1.230858995E-1,1.339463716E-1,-1.577374130E-1,2.407755399E-1
8.016868458E0,-3.798066236E-2,3.510935057E-2,-1.462341857E-1,1.551116832E-1
8.026862458E0,6.556486566E-2,3.456910439E-3,-1.367424005E-1,1.516877910E-1
8.036855458E0,1.258101538E-1,8.229395064E-2,-7.645292938E-2,1.686580550E-1
8.046849458E0,1.564491253E-1,1.194188182E-1,4.821321666E-2,2.026368604E-1
8.056843458E0,1.707763020E-1,1.293275829E-1,3.060777658E-1,3.735957277E-1
8.066836458E0,1.523992341E-1,2.587877149E-2,6.604371607E-1,6.782864296E-1
8.076830458E0,1.796732791E-1,-6.927684261E-2,7.946085405E-1,8.176090147E-1
8.086823458E0,2.352954662E-1,-1.179110040E-1,6.581041217E-1,7.087792296E-1
8.096817458E0,9.747988231E-2,-8.003860647E-2,3.924697924E-1,4.122390616E-1
8.106811458E0,-1.290770663E-1,2.975724790E-2,1.123875779E-1,1.737162931E-1
8.116804458E0,-2.492709694E-1,1.726991771E-1,3.126564682E-2,3.048582665E-1
8.126798458E0,-2.623672707E-1,1.880666283E-1,1.095411533E-1,3.408884065E-1
8.136791458E0,-1.930010205E-1,1.427306437E-1,1.434854096E-1,2.796596026E-1
8.146785458E0,-9.859955102E-2,1.389480068E-1,6.988942981E-2,1.841546971E-1
8.156779458E0,-1.255133345E-1,1.245090021E-1,-1.667099655E-2,1.775781824E-1
8.166772458E0,-9.507565342E-2,1.254164169E-1,5.787164748E-2,1.676835862E-1
8.176766458E0,6.863461733E-3,-8.232514188E-4,5.081657249E-1,5.082127397E-1
8.186759458E0,6.355828397E-2,-2.664149326E-1,8.222395581E-1,8.666570618E-1
8.196753458E0,1.274858196E-1,-4.303799227E-1,7.944085658E-1,9.124497145E-1
8.206747667E0,1.313588691E-1,-4.906074864E-1,4.873437899E-1,7.038855218E-1
8.216740667E0,1.897993775E-1,-4.388274317E-1,5.902647257E-2,4.817441676E-1
8.226734667E0,2.349003406E-1,-3.698356957E-1,-4.137244213E-1,6.025981319E-1
8.236727667E0,2.527219230E-1,-9.390854917E-2,-1.018989594E0,1.054052645E0
8.246721667E0,-3.056047261E-2,6.743093875E-1,-3.365771350E0,3.432789518E0
8.256715667E0,-1.188869043E-1,1.322208802E0,-2.919179145E0,3.206864059E0
8.266708667E0,6.131431264E-1,1.309480145E0,-5.628307593E-1,1.551599564E0
8.276702667E0,5.805434373E-1,1.110819604E0,-2.464034218E-1,1.277366636E0
8.286695667E0,1.218985127E-1,8.333910754E-1,-9.958626866E-2,8.481257907E-1
8.296689667E0,-2.811189258E-1,7.199667131E-1,-9.877525985E-2,7.791896242E-1
8.306683667E0,-3.757534799E-1,6.733589957E-1,-3.648697650E-1,8.530726582E-1